,00:02:6f:8e:64:67,1,-87,
,00:02:6f:b8:c4:1a,11,-92,
Gateway,00:0d:f0:3e:fa:ca,9,-87,
vladimir,00:0e:f4:c1:50:14,11,-92,
yosh,00:11:6b:11:02:b7,1,-90,35.20977973937722,32.1025613676561,691.3035842213918,
yosh,00:11:6b:11:7d:c7,13,-90,35.21018594859966,32.10484144935318,703.099045218042,
yosh,00:11:6b:11:7e:0c,1,-90,35.210344504182586,32.10473266964435,693.7423982534493,
Cartiheal,00:11:6b:2a:90:3c,11,-90,35.20978506891695,32.10495771291363,703.2512866945806,
netbox-550b,00:12:2a:39:2c:3c,1,-86,
,00:1a:2f:7f:6b:70,13,-89,35.20993492424766,32.10570550951995,688.5734707998579,
afikim-wifi,00:1a:dd:e3:06:e4,1,-78,
PEPWAVE_9481,00:1a:dd:f4:ef:04,1,-85,35.21055153552892,32.105962572338896,688.6825017110157,
,00:1a:dd:f4:ef:c4,1,-87,
Afikim_Wifi,00:1a:dd:f4:ef:c5,1,-81,
,00:1a:dd:f4:f5:c4,13,-89,35.209593310976146,32.105325164311836,689.1959419471738,
Afikim_Wifi,00:1a:dd:f4:f5:c5,13,-90,35.20875480698192,32.105015219641004,689.4046017156941,
,00:1a:dd:f4:fc:64,1,-87,
Afikim_Wifi,00:1a:dd:f4:fc:65,1,-90,
,00:1a:dd:f4:fc:84,8,-77,
Afikim_Wifi,00:1a:dd:f4:fc:85,8,-78,
,00:1a:dd:f5:06:a4,13,-91,
Afikim_Wifi,00:1a:dd:f5:06:a5,13,-84,
Afikim_Wifi,00:1a:dd:f5:df:c5,6,-93,
,00:1a:dd:f5:e2:e4,8,-88,35.2099254343313,32.10468231924794,710.2256059369854,
Afikim_Wifi,00:1a:dd:f5:e2:e5,8,-91,35.20997661530595,32.104690691725445,696.8899629599782,
PEPWAVE_C99D,00:1a:dd:f5:e9:24,1,-74,35.210257453794235,32.105460466409745,689.4884991272369,
Afikim-73925,00:1a:dd:f5:e9:25,1,-89,35.21070454267807,32.10600248238024,688.6935415677234,
KCG-ADSL,00:1d:aa:81:d8:3c,3,-72,35.20990497985494,32.10269852892431,697.8564783149873,
Yan,00:21:04:4c:2a:a2,6,-89,
la familya,00:23:cd:17:19:00,11,-92,
AUC_54_R,00:25:86:cc:00:f8,5,-86,35.20844384100144,32.10396303909033,691.9214773377328,
KCG_54,00:25:86:cc:07:b2,2,-87,
KCG_20,00:27:19:13:fc:a4,11,-90,35.21190224129079,32.10540176029228,696.2605175014567,
AUC_51_3,00:27:19:e3:2d:fe,1,-86,
,00:27:22:f3:a6:9a,6,-85,
,00:27:22:f3:bb:2b,6,-85,
,00:27:22:f3:bb:3a,6,-86,
,00:27:22:f3:bb:86,6,-87,
,00:27:22:f3:e0:83,1,-88,
,00:27:22:f3:e2:f3,6,-84,35.21055874734606,32.105924522405914,688.6737904292652,
victoria,00:8c:54:90:ce:d1,11,-89,
BezeqFree,06:ae:db:3a:64:05,1,-84,
NIPPON_2516,08:97:58:32:a6:3e,3,-73,
HP-Print-4b-LaserJet 400,08:ed:b9:3d:8f:4b,6,-89,
Malibu,10:0d:7f:7c:90:0a,11,-91,
avisar,10:be:f5:34:cf:d0,3,-91,
TOP-SECRET,10:be:f5:36:02:e2,8,-82,
LARISA,10:be:f5:39:8f:f2,3,-86,
Hagar,10:be:f5:3b:68:2c,11,-87,
Home,10:be:f5:a7:b4:f4,7,-87,
surikat,14:ae:db:32:52:12,6,-89,
tanya,14:ae:db:3a:64:05,1,-86,
BEZEQINT-8831,14:ae:db:43:88:35,6,-85,
GuyEmily,14:ae:db:4f:50:75,6,-85,
__ery,14:ae:db:58:0d:6d,11,-91,
Mama,14:ae:db:cb:05:f5,11,-90,
Keren,14:ae:db:cb:cc:55,11,-91,
Biren2809,14:ae:db:cf:86:f5,11,-91,
Ariel_University,1c:b9:c4:12:7c:c8,11,-86,35.20874772944996,32.10311016207921,700.0597015970634,
Ariel_University,1c:b9:c4:12:7c:cc,36,-90,35.20885353594472,32.10290437708147,691.8508810376468,
Ariel_University,1c:b9:c4:12:90:b8,11,-78,35.20882729204522,32.102889203960004,698.0607271737889,
Ariel_University,1c:b9:c4:12:90:bc,40,-88,35.20865091926541,32.10316279687303,692.3238210245614,
Ariel_University,1c:b9:c4:12:af:78,11,-89,35.21023820473667,32.10362417899073,694.4062624364134,
Ariel_University,1c:b9:c4:12:af:7c,40,-89,
Ariel_University,1c:b9:c4:14:2b:88,11,-90,35.210227944423714,32.103733966374946,694.891906818729,
Ariel_University,1c:b9:c4:14:2b:8c,44,-90,
Ariel_University,1c:b9:c4:14:2b:c8,6,-79,35.2110703082003,32.10503584593443,703.718499955948,
Ariel_University,1c:b9:c4:14:2b:cc,36,-87,35.21106960662548,32.10504392751344,702.0456994786932,
Ariel_University,1c:b9:c4:14:2b:d8,1,-81,35.20911519580158,32.10214826957786,689.7327796078678,
Ariel_University,1c:b9:c4:14:2b:dc,36,-87,35.209140008159864,32.10218171809675,698.3300562265678,
Ariel_University,1c:b9:c4:14:2c:18,1,-85,35.20927197686356,32.10236859721621,692.1856844568599,
Ariel_University,1c:b9:c4:14:2c:38,6,-90,35.20998870141808,32.103181159947674,692.4946261225801,
Ariel_University,1c:b9:c4:14:2c:3c,52,-84,
Ariel_University,1c:b9:c4:14:2f:68,6,-84,35.20883879115035,32.102695162524334,699.1812167413271,
Ariel_University,1c:b9:c4:14:2f:6c,36,-88,35.20902372566644,32.10253238275535,690.0684485472972,
Ariel_University,1c:b9:c4:14:2f:a8,1,-90,
Ariel_University,1c:b9:c4:14:30:08,1,-85,35.210271501914654,32.10485657753145,690.6706843017316,
Ariel_University,1c:b9:c4:14:30:0c,36,-85,
Ariel_University,1c:b9:c4:14:30:38,1,-86,
Ariel_University,1c:b9:c4:14:30:3c,44,-91,
Ariel_University,1c:b9:c4:14:33:c8,11,-90,35.209253747122766,32.10249577046635,692.0262284560312,
Ariel_University,1c:b9:c4:14:33:cc,48,-89,35.20911402544739,32.1024676776637,690.9927204834545,
Ariel_University,1c:b9:c4:14:36:f8,6,-90,35.21125890815074,32.10441032085633,695.4770574568288,
Ariel_University,1c:b9:c4:14:36:fc,36,-90,35.21120930033315,32.10421297524157,700.5989322530136,
Ariel_University,1c:b9:c4:14:62:48,11,-74,35.209718798437365,32.10460512118185,700.5514039874508,
Ariel_University,1c:b9:c4:14:62:4c,36,-74,
Ariel_University,1c:b9:c4:15:1b:88,11,-84,35.20928813919664,32.10208600104862,690.0247298147438,
Ariel_University,1c:b9:c4:15:1b:8c,58,-88,
Ariel_University,1c:b9:c4:15:1c:b8,1,-89,35.208959215686356,32.103716040756254,700.0159735133502,
Ariel_University,1c:b9:c4:15:1c:bc,36,-90,
Ariel_University,1c:b9:c4:15:1e:68,1,-88,35.20977455837611,32.102362606423156,691.3582147691061,
Ariel_University,1c:b9:c4:15:1e:6c,36,-89,
Ariel_University,1c:b9:c4:15:20:38,11,-87,35.21021184436103,32.10485228864141,688.1477965534864,
Ariel_University,1c:b9:c4:15:23:58,6,-88,35.2091163745992,32.10400838597094,690.2637145960607,
Ariel_University,1c:b9:c4:15:23:5c,36,-91,
Ariel_University,1c:b9:c4:15:25:48,1,-88,35.20995937065635,32.104714670696026,697.4050800330222,
Ariel_University,1c:b9:c4:15:25:4c,44,-90,
Ariel_University,1c:b9:c4:15:34:b8,6,-92,
Ariel_University,1c:b9:c4:15:34:bc,36,-90,
Ariel_University,1c:b9:c4:15:36:98,1,-89,35.21129146623815,32.10517629178645,702.5158375446757,
Ariel_University,1c:b9:c4:15:36:9c,36,-88,35.2112199723324,32.105191757257465,703.6200349313401,
Ariel_University,1c:b9:c4:15:3a:28,1,-87,
Ariel_University,1c:b9:c4:15:3a:2c,36,-92,
Ariel_University,1c:b9:c4:15:3a:38,11,-82,35.20943546077918,32.10204114891659,690.2103662885098,
Ariel_University,1c:b9:c4:15:3a:3c,44,-87,
Ariel_University,1c:b9:c4:15:3d:58,11,-86,35.20957854112371,32.10201835283178,698.3869759259584,
Ariel_University,1c:b9:c4:15:3d:5c,36,-85,
Ariel_University,1c:b9:c4:15:3d:68,6,-84,35.21011641640201,32.10323066961172,693.6969060547075,
Ariel_University,1c:b9:c4:15:3d:6c,44,-89,
Ariel_University,1c:b9:c4:15:41:78,1,-87,35.2110970252647,32.10442933107176,701.24604228718,
Ariel_University,1c:b9:c4:15:41:7c,44,-83,35.2110012459743,32.10416345117808,696.2173923900879,
Ariel_University,1c:b9:c4:15:42:68,11,-89,35.21074549305616,32.1049902489271,691.195439655543,
Ariel_University,1c:b9:c4:15:42:6c,48,-89,
Ariel_University,1c:b9:c4:15:43:e8,1,-89,35.209172324585204,32.10231796767462,696.6658396277705,
Ariel_University,1c:b9:c4:15:43:ec,36,-89,35.20920573127415,32.102320601540654,699.310743776491,
Ariel_University,1c:b9:c4:15:44:58,11,-84,35.21057976413824,32.10495000636385,699.7950450125292,
Ariel_University,1c:b9:c4:15:44:5c,44,-89,35.21033283632791,32.10492439336934,702.3912124556596,
Ariel_University,1c:b9:c4:15:44:88,6,-91,35.21132326793183,32.10473398056918,692.9788391427314,
Ariel_University,1c:b9:c4:15:44:8c,36,-92,
Ariel_University,1c:b9:c4:15:ec:38,6,-90,35.21018388558774,32.10356741803018,694.4924816475168,
Ariel_University,1c:b9:c4:15:ec:3c,36,-89,
Ariel_University,1c:b9:c4:15:ed:38,6,-89,35.211055295433404,32.10415849940847,694.8370869646895,
Ariel_University,1c:b9:c4:15:ed:3c,36,-89,
Ariel_University,1c:b9:c4:15:ed:48,1,-89,35.21145856775064,32.104755154340474,690.2527053223193,
Ariel_University,1c:b9:c4:15:ed:4c,44,-88,
Ariel_University,1c:b9:c4:15:ed:78,6,-86,35.209503696065056,32.10204181463905,697.1429754364899,
Ariel_University,1c:b9:c4:15:ed:7c,60,-83,
IT-MNG,1c:b9:c4:15:ed:b8,1,-89,
IT-MNG,1c:b9:c4:15:ed:bc,48,-91,
Ariel_University,1c:b9:c4:15:fd:48,1,-90,35.20894603482016,32.10398573304581,691.3293445910087,
Ariel_University,1c:b9:c4:15:fd:4c,36,-88,35.20942211675255,32.10408117845521,702.7242429946087,
IT-MNG,1c:b9:c4:15:fd:e8,11,-88,35.21169309934411,32.10534576509134,691.3431389455745,
Ariel_University,1c:b9:c4:15:fd:ec,40,-83,
Ariel_University,1c:b9:c4:16:04:78,11,-86,35.209348690824505,32.102065248279395,690.1654353221011,
Ariel_University,1c:b9:c4:16:04:7c,60,-87,35.20926267233937,32.10229892577117,690.8742630335089,
Ariel_University,1c:b9:c4:16:05:38,11,-91,35.209843248724255,32.10465877701729,697.9367132441847,
Ariel_University,1c:b9:c4:16:05:3c,36,-88,35.209622169410956,32.10487378475085,689.9320803286963,
Ariel_University,1c:b9:c4:16:05:78,6,-92,35.21014084900188,32.10460452211809,689.9006560449859,
Ariel_University,1c:b9:c4:16:05:7c,36,-91,35.209855226569225,32.10468382277106,699.7153716060234,
Ariel_University,1c:b9:c4:16:06:b8,11,-92,35.21004378095911,32.10374211654581,701.5071989987368,
Ariel_University,1c:b9:c4:16:06:bc,48,-89,35.210041385806974,32.10373617795679,702.586374795382,
Ariel_University,1c:b9:c4:16:06:e8,11,-89,35.21021078186345,32.10584273376777,688.5965322405589,
Ariel_University,1c:b9:c4:16:06:ec,44,-89,
Ariel_University,1c:b9:c4:16:11:a8,1,-76,35.20889694496913,32.10258688328642,697.1611964880443,
Ariel_University,1c:b9:c4:16:11:ac,44,-83,35.20904724198937,32.102538791626195,697.3926471102517,
Ariel_University,1c:b9:c4:16:12:68,11,-93,
Ariel_University,1c:b9:c4:16:12:e8,1,-90,
Ariel_University,1c:b9:c4:16:13:08,11,-89,35.20879739717174,32.103561547758716,698.5775820521851,
Ariel_University,1c:b9:c4:16:13:0c,44,-89,
Ariel_University,1c:b9:c4:16:1d:78,1,-85,35.209042937458044,32.104074521523074,691.5952884813063,
Ariel_University,1c:b9:c4:16:1d:7c,44,-82,
Ariel_University,1c:b9:c4:16:28:e8,1,-83,35.2087930251887,32.103649185378444,698.4334252620201,
Ariel_University,1c:b9:c4:16:28:ec,36,-91,35.20878115479239,32.103658945223756,699.607704069706,
Ariel_University,1c:b9:c4:16:28:f8,6,-91,35.208795372052336,32.10272855515488,689.8946903102753,
Ariel_University,1c:b9:c4:16:28:fc,36,-90,35.20843983387377,32.10240563378011,692.9483587421398,
Ariel_University,1c:b9:c4:16:2b:e8,6,-92,35.21120390422384,32.104956457814765,692.1445520205253,
Ariel_University,1c:b9:c4:16:2b:ec,36,-91,
Ariel_University,1c:b9:c4:16:2d:e8,11,-90,35.21042766610084,32.104929108484484,688.5581842810541,
Ariel_University,1c:b9:c4:16:2d:ec,36,-85,
Ariel_University,1c:b9:c4:16:cc:d8,1,-83,35.20898388731209,32.103819968894264,692.084703964017,
Ariel_University,1c:b9:c4:16:cc:dc,36,-90,
IT-MNG,1c:b9:c4:16:cd:18,1,-88,
Ariel_University,1c:b9:c4:16:cd:1c,36,-88,
Ariel_University,1c:b9:c4:16:cd:68,11,-86,
Ariel_University,1c:b9:c4:16:d2:88,11,-92,35.208741029501816,32.10308051488248,690.8349754152814,
Ariel_University,1c:b9:c4:16:d2:8c,44,-88,35.20878632170847,32.103087547289434,698.3366336884912,
Ariel_University,1c:b9:c4:16:e5:a8,6,-87,35.21018095149319,32.10374609109269,696.0465182639249,
Ariel_University,1c:b9:c4:16:e5:ac,36,-88,
Ariel_University,1c:b9:c4:16:e8:f8,11,-92,35.21126509018922,32.10420598665068,694.1209014865536,
Ariel_University,1c:b9:c4:16:e8:fc,36,-89,35.21103695836558,32.10415575294136,696.100390839485,
Ariel_University,1c:b9:c4:16:ed:38,6,-88,35.21029317280986,32.10348138666298,694.0000000000001,
Ariel_University,1c:b9:c4:16:ed:3c,44,-87,
Ariel_University,1c:b9:c4:16:ed:48,6,-89,35.21025871900238,32.103806402195794,696.0839996908841,
Ariel_University,1c:b9:c4:16:ed:4c,36,-91,
Ariel_University,1c:b9:c4:16:ee:98,6,-91,35.21031885666667,32.10346637,692.3333333333334,
Ariel_University,1c:b9:c4:16:ee:9c,36,-85,
Ariel_University,1c:b9:c4:16:f1:48,1,-79,35.20930849613857,32.1022219210277,690.0153555011758,
Ariel_University,1c:b9:c4:16:f1:4c,36,-85,
Ariel_University,1c:b9:c4:16:f1:58,6,-87,35.2101857375545,32.10368490805241,701.3526600877528,
Ariel_University,1c:b9:c4:16:f1:98,11,-90,35.20924839767586,32.10230782667417,691.3792909397862,
Ariel_University,1c:b9:c4:16:f4:28,11,-86,35.20905603368221,32.10219293562222,690.4640501592739,
Ariel_University,1c:b9:c4:16:f4:2c,44,-88,35.2090161363713,32.102709326677584,699.4240603002271,
Ariel_University,1c:b9:c4:16:f4:78,1,-78,35.2091107683392,32.10258317901449,690.2712810948573,
Ariel_University,1c:b9:c4:16:f4:7c,36,-87,35.207937631594966,32.102640777417875,693.3140497651189,
Ariel_University,1c:b9:c4:55:fd:e8,11,-88,35.21172853248787,32.10521267462957,691.1634896720685,
Ariel_University,1c:b9:c4:56:cd:18,1,-90,
,1c:b9:c4:92:7c:c7,36,-82,35.20885512897605,32.10290082863347,691.8458350165492,
,1c:b9:c4:92:90:b7,40,-89,
,1c:b9:c4:92:af:77,40,-86,
,1c:b9:c4:94:2b:c7,36,-90,
,1c:b9:c4:94:2b:d7,36,-88,35.20939315603056,32.10225880760981,699.049632501177,
,1c:b9:c4:94:30:07,36,-84,
,1c:b9:c4:94:30:37,44,-91,
,1c:b9:c4:94:33:c7,48,-89,
,1c:b9:c4:94:36:f7,36,-89,
,1c:b9:c4:94:62:47,36,-79,
,1c:b9:c4:95:1b:87,58,-89,
,1c:b9:c4:95:1e:67,36,-89,
,1c:b9:c4:95:23:57,36,-92,
,1c:b9:c4:95:3a:37,44,-87,
,1c:b9:c4:95:3d:57,36,-82,
,1c:b9:c4:95:3d:67,44,-88,
,1c:b9:c4:95:41:77,44,-84,
,1c:b9:c4:95:42:67,48,-90,
,1c:b9:c4:95:43:e7,36,-89,
,1c:b9:c4:95:44:57,44,-89,35.210177726295605,32.10484916447365,705.6747486295545,
,1c:b9:c4:95:44:87,36,-91,
,1c:b9:c4:95:ec:37,36,-90,
,1c:b9:c4:95:ed:37,36,-85,
,1c:b9:c4:95:ed:47,44,-87,
,1c:b9:c4:95:fd:47,36,-90,
,1c:b9:c4:96:04:77,60,-89,
,1c:b9:c4:96:05:37,36,-85,
,1c:b9:c4:96:05:77,36,-90,
,1c:b9:c4:96:06:b7,48,-83,
,1c:b9:c4:96:06:e7,44,-89,
,1c:b9:c4:96:11:a7,44,-85,
,1c:b9:c4:96:13:07,44,-91,
,1c:b9:c4:96:28:e7,36,-90,35.20877681328383,32.10368839370954,691.4510767002092,
,1c:b9:c4:96:28:f7,36,-91,35.20867816393631,32.10226409448905,701.302247612117,
,1c:b9:c4:96:2d:e7,36,-89,
,1c:b9:c4:96:cc:d7,36,-89,
,1c:b9:c4:96:cd:17,36,-89,
,1c:b9:c4:96:d2:87,44,-89,
,1c:b9:c4:96:e8:f7,36,-89,35.21102625078787,32.10417631742747,700.3305528836256,
,1c:b9:c4:96:ed:37,44,-87,
,1c:b9:c4:96:ee:97,36,-91,
,1c:b9:c4:96:f1:47,36,-83,
,1c:b9:c4:96:f1:97,60,-88,35.209418757328194,32.10222152127011,699.8195938526702,
,1c:b9:c4:96:f4:27,44,-88,
,1c:b9:c4:96:f4:77,36,-85,35.20819917827672,32.102821209609324,693.7210746575796,
Ariel_University,24:79:2a:2b:07:b8,11,-85,35.210524670969036,32.103937315130345,694.9266322051535,
Ariel_University,24:79:2a:2b:07:bc,36,-90,
Ariel_University,24:79:2a:2b:24:98,1,-87,35.21044987652344,32.104261993468185,693.4151962827519,
Ariel_University,24:79:2a:2b:24:9c,36,-87,
Ariel_University,24:79:2a:2b:34:a8,11,-92,
Ariel_University,24:79:2a:2b:34:e8,1,-91,
Ariel_University,24:79:2a:2b:bd:88,11,-83,35.21051646462119,32.10393314631495,694.8743289972247,
Ariel_University,24:79:2a:2b:bd:8c,44,-88,
Ariel_University,24:79:2a:2c:3d:68,6,-89,35.208784193538825,32.10339539914512,699.0853653836789,
Ariel_University,24:79:2a:2c:5b:d8,1,-80,35.20982510015042,32.10434041745858,697.373017631497,
Ariel_University,24:79:2a:2c:5b:dc,36,-78,
Ariel_University,24:79:2a:2c:5c:18,11,-84,35.21056462456973,32.10394681241434,694.6797001220614,
Ariel_University,24:79:2a:2c:61:68,6,-86,35.21068801264441,32.10406959235143,695.8933450423524,
,24:79:2a:ab:bd:87,44,-89,
,24:79:2a:ac:5b:d7,36,-92,
DIRECT-61-HP DeskJet 3630 series,30:e1:71:0d:e0:63,6,-91,35.209204074882194,32.10358470955124,692.3294877352312,
DIRECT-64-HP DeskJet 3630 series,30:e1:71:0d:e0:65,6,-89,
DIRECT-66-HP DeskJet 3630 series,30:e1:71:0d:e0:67,6,-83,
DIRECT-47-HP DeskJet 3630 series,30:e1:71:0f:a2:49,6,-88,35.20987677611507,32.102638171561146,693.8391299561988,
DIRECT-71-HP DeskJet 3630 series,30:e1:71:0f:a2:72,6,-86,35.20972856511783,32.10201314920573,690.9557848714416,
DIRECT-69-HP DeskJet 3630 series,30:e1:71:0f:b2:6a,6,-93,
afikim-wifi,34:0b:01:19:21:42,7,-91,
Ariel_University,34:8f:27:20:89:b8,6,-84,35.20930349742887,32.104345849766595,692.2704511966673,
Ariel_University,34:8f:27:20:89:bc,44,-87,
Ariel_University,34:8f:27:20:8c:18,6,-86,35.208804373605936,32.1029484839358,692.1017645899404,
,34:8f:27:a0:89:b7,44,-89,
SAMSONIX ML_003,38:a2:8c:02:e7:6e,6,-91,
BezeqNGN_009030_2.4GHz_1,3c:1e:04:05:5f:f5,1,-95,
DIRECT-8A-HP DeskJet 3630 series,3c:52:82:ef:a4:8b,6,-89,
DIRECT-3B-HP DeskJet 3630 series,3c:52:82:ef:c4:3c,6,-82,
DIRECT-51-HP DeskJet 3630 series,3c:52:82:ef:d4:52,6,-88,35.20986632556745,32.10354302012424,694.9609064097581,
DIRECT-55-HP DeskJet 3630 series,3c:52:82:ef:d4:56,6,-79,35.209377592051744,32.1021680979907,695.8509564980037,
2.4V1,40:a5:ef:7a:17:f2,1,-86,35.209900915420135,32.10258081963444,693.7395258772444,
tachlit3,48:ee:0c:3e:86:dd,7,-89,
YICarCam_00d0f1,58:70:c6:00:d0:f1,6,-89,
YICarCam_fb687a,58:70:c6:fb:68:7a,5,-88,
YICarCam_fb9630,58:70:c6:fb:96:30,5,-88,
BezeqFree,5a:12:f5:7f:09:9d,9,-92,
HelpDesk,60:e3:27:7b:e0:98,4,-89,35.20990078675334,32.103987294297475,694.454160273785,
Bezeq Free,62:ab:1b:60:b4:cb,8,-85,35.20962852032653,32.102222076641276,690.6897010451079,
DIRECT-B1-HP DeskJet 3830 series,70:5a:0f:57:04:17,11,-85,
DIRECT-42-HP DeskJet 3830 series,70:5a:0f:57:42:43,11,-89,35.209665290424006,32.104571678106126,690.597589238549,
TP-LINK_ADD150,74:ea:3a:ad:d1:50,4,-71,35.20967793994,32.10456284697742,689.8188092180733,
SETUP,7e:ff:30:08:7f:bd,11,-80,
Hoom_2.4,80:37:73:d7:ab:3a,1,-88,
dlink,84:c9:b2:4a:e7:87,2,-86,
Bezeq,84:c9:b2:b7:c8:2d,6,-82,
Ariel_University,8c:0c:90:2d:34:38,11,-90,35.21076394396375,32.10409601120356,696.1731392556255,
Ariel_University,8c:0c:90:2d:75:e8,1,-84,35.20883525960562,32.1028078115014,691.7522604629228,
Ariel_University,8c:0c:90:2e:16:88,11,-86,35.209162404740724,32.10365777152614,700.7620788818142,
Ariel_University,8c:0c:90:2e:e8:18,6,-81,35.21092082372666,32.10414253466781,700.0074944538887,
Ariel_University,8c:0c:90:2f:36:58,1,-89,35.209951588414654,32.10473816972225,700.6173637011343,
Ariel_University,8c:0c:90:2f:ca:18,1,-87,
Ariel_University,8c:0c:90:2f:d3:d8,11,-90,35.211099262642506,32.10435477677624,695.9515199781179,
,8c:0c:90:6e:16:88,11,-86,35.20894746712469,32.103694421205404,701.4756638425528,
,8c:0c:90:6f:36:58,1,-80,
,8c:0c:90:ad:75:e3,1,-79,
,8c:0c:90:ae:16:83,11,-85,35.208891099288394,32.10387030167444,701.4448164551678,
,8c:0c:90:af:76:53,6,-90,
CliClap,90:6c:ac:9f:f1:c5,2,-86,
Guest,90:6c:ac:9f:fb:1f,1,-89,35.20974792474838,32.10460126275294,689.0765181658589,
Guest,90:6c:ac:9f:fb:27,36,-92,
Guest,90:6c:ac:a0:18:29,6,-91,35.20967228260754,32.104554020443096,698.1339720519909,
Guest,90:6c:ac:a0:3d:eb,3,-89,35.20894586064535,32.104031131432514,692.050276510533,
Guest,90:6c:ac:a0:60:4d,1,-90,35.20977542687116,32.10462255556327,689.1632024869866,
Guest,90:6c:ac:a0:60:55,36,-88,
EVE,90:6c:ac:a0:7b:4d,11,-88,35.2098569554447,32.104656889496724,688.442757785073,
EVE,90:6c:ac:a0:7b:55,52,-80,
Salomon,90:8d:78:54:6b:4d,1,-85,
HP-Print-2c-LaserJet 400 color,9c:d2:1e:04:e6:2c,6,-91,
Cellcom-WiFi_0123,a0:4f:d4:3a:a0:e1,11,-89,
Lidor a,a0:4f:d4:3b:e9:01,6,-84,
richman,a0:4f:d4:46:a9:e1,11,-92,
DIRECT-13-HP DeskJet 3630 series,a0:8c:fd:0a:24:56,6,-86,
DIRECT-F4-HP DeskJet 3630 series,a0:8c:fd:0a:d5:f5,6,-91,35.209135288923186,32.102152663435554,689.1774007786785,
DIRECT-6E-HP DeskJet 3630 series,a0:8c:fd:8c:79:6f,6,-87,
DIRECT-98-HP DeskJet 3630 series,a0:8c:fd:8c:c5:b2,6,-92,
ear,a0:ab:1b:59:55:54,1,-85,
036518749,a0:ab:1b:60:b4:ca,8,-86,35.20930911830759,32.10225190362957,692.0549812632105,
Guest,a2:6c:ac:9f:f1:c5,2,-91,35.209507602063795,32.10447262116226,691.444264796665,
Neuropplied,a2:6c:ac:9f:fb:1f,1,-89,35.20975114949708,32.10460504324719,697.4969575414124,
Neuropplied,a2:6c:ac:9f:fb:27,36,-91,
artsim,a2:6c:ac:a0:18:29,6,-87,35.209563193120935,32.10451561741302,690.9941415983147,
giftwizard,a2:6c:ac:a0:3d:eb,3,-87,35.20923342362035,32.10416523345763,689.4912528612062,
incentive2,a2:6c:ac:a0:60:4d,1,-80,35.20976644097049,32.10463747036701,690.7031826307962,
incentive2,a2:6c:ac:a0:60:55,36,-87,
Guest,a2:6c:ac:a0:7b:4d,11,-92,35.209927713502175,32.104697498393236,688.2869793303478,
Guest,a2:6c:ac:a0:7b:55,52,-80,
HOTFiber-3C40,a4:08:f5:20:72:6a,1,-87,
SAMSONIX R500-e-09,ac:83:f3:b2:00:e9,1,-84,
Knoch,b0:48:7a:a1:80:8c,4,-86,
paysday,b2:6c:ac:9f:f1:c5,2,-88,
iagree,b2:6c:ac:9f:fb:1f,1,-88,35.20974170923312,32.10459991492392,689.246606002002,
iagree,b2:6c:ac:9f:fb:27,36,-92,
restore,b2:6c:ac:a0:18:29,6,-82,
sinusafe,b2:6c:ac:a0:3d:eb,3,-85,35.20914386526769,32.10417794440874,691.9099729936306,
magneto,b2:6c:ac:a0:7b:4d,11,-90,35.209956829735425,32.104713929982346,697.7191564589612,
magneto,b2:6c:ac:a0:7b:55,52,-79,
Onicom,c0:4a:00:71:ee:ee,9,-91,
shapedo,c2:6c:ac:9f:fb:1f,1,-91,35.20981107020987,32.104639964936524,689.1171189608473,
shapedo,c2:6c:ac:9f:fb:27,36,-92,
outsense,c2:6c:ac:a0:7b:4d,11,-85,35.2099800529648,32.10470660668962,686.6184650950707,
outsense,c2:6c:ac:a0:7b:55,52,-79,35.20985620413142,32.1046695559747,689.0274625255623,
daviv,c4:12:f5:7f:09:9c,9,-93,
lab_6.1.3,c4:12:f5:f6:a0:18,3,-84,35.20966382897576,32.10247354297334,690.4011732423675,
mati-sh1,c4:12:f5:fd:6a:74,9,-85,
Bezeq-NGN_E77EB9,cc:b2:55:e7:7e:ba,6,-87,
bezek freeee,cc:fa:00:ae:93:46,6,-86,
Sveta,d0:0f:6d:f1:35:2f,4,-85,
HP-Print-30-Officejet 7610,d0:bf:9c:db:31:30,6,-91,35.20979574526654,32.10463176591113,698.6581892313966,
klyn,d0:d4:12:68:5b:ca,1,-95,
AUC_4_2_24,d8:5d:4c:9e:69:22,1,-83,35.209380029816465,32.10331344358506,695.1284492774053,
Moria,d8:fe:e3:03:5a:31,6,-83,
DIRECT-25-HP DeskJet 3830 series,dc:4a:3e:cd:88:25,6,-88,
Aviramf phone,e6:46:da:e4:84:c0,6,-87,
TP-LINK_D59886,e8:94:f6:d5:98:86,9,-94,
Ariel_University,ec:8c:a2:08:77:48,6,-88,
Ariel_University,ec:8c:a2:08:78:38,1,-81,
Ariel_University,ec:8c:a2:08:78:3c,40,-89,
Ariel_University,ec:8c:a2:08:78:c8,6,-89,35.20907261904334,32.10290864455171,691.649463084863,
Ariel_University,ec:8c:a2:08:78:cc,48,-89,35.20883139244923,32.10376961261984,708.1559186778529,
Ariel_University,ec:8c:a2:08:79:88,1,-88,
Ariel_University,ec:8c:a2:08:79:a8,6,-82,35.21130753692977,32.104911552625225,694.9141610629142,
Ariel_University,ec:8c:a2:08:79:ac,36,-89,35.21130154968856,32.10491909900176,693.8682117313015,
Ariel_University,ec:8c:a2:08:7a:18,1,-71,
Ariel_University,ec:8c:a2:08:7a:1c,44,-89,35.20780581005687,32.103599683823795,690.5596425977142,
Ariel_University,ec:8c:a2:08:7b:88,1,-77,
Ariel_University,ec:8c:a2:08:7b:8c,40,-91,35.2078374162539,32.10375765913946,690.445762142377,
Ariel_University,ec:8c:a2:08:90:c8,11,-89,
Ariel_University,ec:8c:a2:08:90:cc,36,-87,
Ariel_University,ec:8c:a2:08:92:48,6,-85,
Ariel_University,ec:8c:a2:08:92:4c,36,-88,
Ariel_University,ec:8c:a2:08:94:18,1,-76,35.209032082542535,32.10285563033518,691.7178916511139,
Ariel_University,ec:8c:a2:08:94:1c,44,-89,35.20877574912784,32.103211398438916,699.4833001352529,
Ariel_University,ec:8c:a2:08:99:68,11,-89,
Ariel_University,ec:8c:a2:08:a9:28,11,-87,35.20778829895446,32.10336860572801,690.7184156662418,
Ariel_University,ec:8c:a2:08:a9:2c,44,-91,35.20783180358039,32.103766485175285,690.3776746163047,
Ariel_University,ec:8c:a2:08:a9:38,6,-88,
Ariel_University,ec:8c:a2:08:a9:3c,36,-90,
Ariel_University,ec:8c:a2:09:03:38,1,-85,35.20758104767403,32.10281447386213,693.2074095942437,
Ariel_University,ec:8c:a2:09:03:3c,44,-77,
Ariel_University,ec:8c:a2:09:0c:c8,1,-86,
Ariel_University,ec:8c:a2:09:0c:cc,44,-88,
Ariel_University,ec:8c:a2:09:86:d8,6,-92,
Ariel_University,ec:8c:a2:09:8c:38,1,-80,
Ariel_University,ec:8c:a2:09:8c:3c,44,-88,
Ariel_University,ec:8c:a2:09:93:b8,11,-90,
Ariel_University,ec:8c:a2:0a:08:b8,6,-89,
Ariel_University,ec:8c:a2:26:ae:28,11,-88,
Ariel_University,ec:8c:a2:26:b0:58,6,-84,
Ariel_University,ec:8c:a2:26:b0:e8,6,-89,35.208879270177334,32.10357603420305,690.0336330478826,
Ariel_University,ec:8c:a2:26:b1:78,1,-82,35.20885259131249,32.10250623886738,698.5326370575877,
Ariel_University,ec:8c:a2:26:d2:c8,11,-93,35.209143611284624,32.10459967059934,690.871295151228,
Ariel_University,ec:8c:a2:26:d3:68,11,-84,35.20910903147308,32.10417654566442,690.655000359586,
,ec:8c:a2:88:78:37,40,-90,
,ec:8c:a2:88:78:c7,48,-90,
,ec:8c:a2:88:79:a7,36,-83,
,ec:8c:a2:88:7a:17,44,-71,
,ec:8c:a2:88:7b:87,40,-87,35.207895366225024,32.10392178055328,690.2937519226789,
,ec:8c:a2:88:90:c7,36,-89,
,ec:8c:a2:88:94:17,44,-86,35.208759012252784,32.10305444843598,690.4696928175762,
,ec:8c:a2:88:a9:27,44,-81,
,ec:8c:a2:88:a9:37,36,-81,
,ec:8c:a2:89:03:37,44,-77,
,ec:8c:a2:89:0c:c7,44,-86,
,ec:8c:a2:89:8c:37,44,-86,
SGH-I337M,ec:9b:f3:26:ab:3a,6,-92,35.20841917773201,32.10290232094127,698.5520522757089,
Ariel_University,f0:b0:52:3e:d6:f8,11,-86,
Orange G2_4113,f8:a9:d0:66:06:4d,6,-81,
HelpDesk,f8:d1:11:77:77:c6,4,-81,35.20867178295147,32.10312786632739,691.6211133041038,
Police_Shomron ,f8:e7:1e:33:87:38,1,-86,
Police_Shomron ,f8:e7:1e:33:87:3c,36,-86,
ShapeDo,f8:e9:03:12:ef:3b,6,-90,35.20972082007631,32.10460319885399,690.5340125489148,
ShapeDo-5GHz,f8:e9:03:12:ef:3c,60,-85,35.209722522854435,32.10460692943253,690.7121731486902,
DIRECT-5C-HP DeskJet 3630 series,fc:3f:db:9c:36:3d,6,-89,

,00:02:6f:8e:64:67,1,-87,
,00:02:6f:b8:c4:1a,11,-92,
Gateway,00:0d:f0:3e:fa:ca,9,-87,
vladimir,00:0e:f4:c1:50:14,11,-92,
yosh,00:11:6b:11:02:b7,1,-90,
yosh,00:11:6b:11:7d:c7,13,-90,35.21018594859966,32.10484144935318,703.099045218042,
yosh,00:11:6b:11:7e:0c,1,-90,35.21088511239651,32.104884317125396,708.7799920353477,
Cartiheal,00:11:6b:2a:90:3c,11,-90,35.20978506891695,32.10495771291363,703.2512866945806,
netbox-550b,00:12:2a:39:2c:3c,1,-86,
,00:1a:2f:7f:6b:70,13,-89,35.20993492424766,32.10570550951995,688.5734707998579,
afikim-wifi,00:1a:dd:e3:06:e4,1,-78,
PEPWAVE_9481,00:1a:dd:f4:ef:04,1,-85,35.21055153552892,32.105962572338896,688.6825017110157,
,00:1a:dd:f4:ef:c4,1,-87,
Afikim_Wifi,00:1a:dd:f4:ef:c5,1,-81,
,00:1a:dd:f4:f5:c4,13,-89,35.209593310976146,32.105325164311836,689.1959419471738,
Afikim_Wifi,00:1a:dd:f4:f5:c5,13,-90,35.20875480698192,32.105015219641004,689.4046017156941,
,00:1a:dd:f4:fc:64,1,-87,
Afikim_Wifi,00:1a:dd:f4:fc:65,1,-90,
,00:1a:dd:f4:fc:84,8,-77,
Afikim_Wifi,00:1a:dd:f4:fc:85,8,-78,
,00:1a:dd:f5:06:a4,13,-91,
Afikim_Wifi,00:1a:dd:f5:06:a5,13,-84,
,00:1a:dd:f5:e2:e4,8,-88,
Afikim_Wifi,00:1a:dd:f5:e2:e5,8,-91,
PEPWAVE_C99D,00:1a:dd:f5:e9:24,1,-74,35.210257453794235,32.105460466409745,689.4884991272369,
Afikim-73925,00:1a:dd:f5:e9:25,1,-89,35.21070454267807,32.10600248238024,688.6935415677234,
KCG-ADSL,00:1d:aa:81:d8:3c,3,-72,35.209864329032335,32.10286367599176,701.0982111024597,
Yan,00:21:04:4c:2a:a2,6,-89,
la familya,00:23:cd:17:19:00,11,-92,
AUC_54_R,00:25:86:cc:00:f8,5,-86,35.20844384100144,32.10396303909033,691.9214773377328,
KCG_54,00:25:86:cc:07:b2,2,-87,
KCG_20,00:27:19:13:fc:a4,11,-90,35.21190224129079,32.10540176029228,696.2605175014567,
AUC_51_3,00:27:19:e3:2d:fe,1,-86,
,00:27:22:f3:a6:9a,6,-85,
,00:27:22:f3:bb:2b,6,-85,
,00:27:22:f3:bb:3a,6,-86,
,00:27:22:f3:bb:86,6,-87,
,00:27:22:f3:e0:83,1,-88,
,00:27:22:f3:e2:f3,6,-84,35.21055874734606,32.105924522405914,688.6737904292652,
victoria,00:8c:54:90:ce:d1,11,-89,
BezeqFree,06:ae:db:3a:64:05,1,-84,
NIPPON_2516,08:97:58:32:a6:3e,3,-73,
HP-Print-4b-LaserJet 400,08:ed:b9:3d:8f:4b,6,-89,
TOP-SECRET,10:be:f5:36:02:e2,8,-82,
LARISA,10:be:f5:39:8f:f2,3,-86,
Hagar,10:be:f5:3b:68:2c,11,-87,
Home,10:be:f5:a7:b4:f4,7,-87,
surikat,14:ae:db:32:52:12,6,-89,
tanya,14:ae:db:3a:64:05,1,-86,
BEZEQINT-8831,14:ae:db:43:88:35,6,-85,
__ery,14:ae:db:58:0d:6d,11,-91,
Mama,14:ae:db:cb:05:f5,11,-90,
Biren2809,14:ae:db:cf:86:f5,11,-91,
Ariel_University,1c:b9:c4:12:7c:c8,11,-86,35.208744665917955,32.10323333005542,701.7982703754857,
Ariel_University,1c:b9:c4:12:7c:cc,36,-90,
Ariel_University,1c:b9:c4:12:90:b8,11,-78,35.208773901771394,32.10328310713928,706.7598073601247,
Ariel_University,1c:b9:c4:12:90:bc,40,-88,35.20865091926541,32.10316279687303,692.3238210245614,
Ariel_University,1c:b9:c4:12:af:78,11,-89,35.209392925980204,32.102971732111115,694.11622703509,
Ariel_University,1c:b9:c4:12:af:7c,40,-89,
Ariel_University,1c:b9:c4:14:2b:88,11,-90,
Ariel_University,1c:b9:c4:14:2b:8c,44,-90,
Ariel_University,1c:b9:c4:14:2b:c8,6,-79,35.21114347652845,32.105011912775495,706.8304000750625,
Ariel_University,1c:b9:c4:14:2b:cc,36,-87,
Ariel_University,1c:b9:c4:14:2b:d8,1,-81,35.20908342090788,32.10216246929239,690.7456153296208,
Ariel_University,1c:b9:c4:14:2b:dc,36,-87,35.209112880753494,32.10219767402602,700.0298552516075,
Ariel_University,1c:b9:c4:14:2c:18,1,-85,
Ariel_University,1c:b9:c4:14:2c:38,6,-90,
Ariel_University,1c:b9:c4:14:2f:68,6,-84,35.20875880785015,32.10276585996995,700.8852854320928,
Ariel_University,1c:b9:c4:14:2f:6c,36,-88,
Ariel_University,1c:b9:c4:14:2f:a8,1,-90,
Ariel_University,1c:b9:c4:14:30:08,1,-85,35.21033727958381,32.10490077765522,702.5402336831436,
Ariel_University,1c:b9:c4:14:30:0c,36,-85,
Ariel_University,1c:b9:c4:14:30:38,1,-86,
Ariel_University,1c:b9:c4:14:30:3c,44,-91,
Ariel_University,1c:b9:c4:14:33:c8,11,-90,35.20825970397273,32.102775345305986,693.7982480356121,
Ariel_University,1c:b9:c4:14:33:cc,48,-89,35.208271815464734,32.10274753488072,692.9105786267806,
Ariel_University,1c:b9:c4:14:36:f8,6,-90,
Ariel_University,1c:b9:c4:14:36:fc,36,-90,
Ariel_University,1c:b9:c4:14:62:48,11,-74,
Ariel_University,1c:b9:c4:14:62:4c,36,-74,
Ariel_University,1c:b9:c4:15:1b:88,11,-84,
Ariel_University,1c:b9:c4:15:1b:8c,58,-88,
Ariel_University,1c:b9:c4:15:1c:b8,1,-89,35.20925110267733,32.10389166984322,702.8214701982542,
Ariel_University,1c:b9:c4:15:1c:bc,36,-90,
Ariel_University,1c:b9:c4:15:1e:68,1,-88,
Ariel_University,1c:b9:c4:15:1e:6c,36,-89,
Ariel_University,1c:b9:c4:15:20:38,11,-87,
Ariel_University,1c:b9:c4:15:23:58,6,-88,35.20947912517749,32.104418620092495,702.0219822283741,
Ariel_University,1c:b9:c4:15:23:5c,36,-91,
Ariel_University,1c:b9:c4:15:25:48,1,-88,35.20993873210197,32.10473869856933,703.5944315780437,
Ariel_University,1c:b9:c4:15:25:4c,44,-90,
Ariel_University,1c:b9:c4:15:34:b8,6,-92,
Ariel_University,1c:b9:c4:15:34:bc,36,-90,
Ariel_University,1c:b9:c4:15:36:98,1,-89,35.21122763543211,32.105192589243615,704.2043741825318,
Ariel_University,1c:b9:c4:15:36:9c,36,-88,35.2112199723324,32.105191757257465,703.6200349313401,
Ariel_University,1c:b9:c4:15:3a:28,1,-87,
Ariel_University,1c:b9:c4:15:3a:2c,36,-92,
Ariel_University,1c:b9:c4:15:3a:38,11,-82,
Ariel_University,1c:b9:c4:15:3a:3c,44,-87,
Ariel_University,1c:b9:c4:15:3d:58,11,-86,35.209444266701034,32.102062097583996,699.7679380499609,
Ariel_University,1c:b9:c4:15:3d:5c,36,-85,
Ariel_University,1c:b9:c4:15:3d:68,6,-84,
Ariel_University,1c:b9:c4:15:3d:6c,44,-89,
Ariel_University,1c:b9:c4:15:41:78,1,-87,35.21103771617186,32.104410198192745,701.0168589973607,
Ariel_University,1c:b9:c4:15:41:7c,44,-83,
Ariel_University,1c:b9:c4:15:42:68,11,-89,35.21072022946725,32.105621770451066,690.1427354928586,
Ariel_University,1c:b9:c4:15:42:6c,48,-89,
Ariel_University,1c:b9:c4:15:43:e8,1,-89,35.20903389137868,32.102656256278124,699.0339892462084,
Ariel_University,1c:b9:c4:15:43:ec,36,-89,
Ariel_University,1c:b9:c4:15:44:58,11,-84,35.210298074976805,32.105131357795266,703.3799396491393,
Ariel_University,1c:b9:c4:15:44:5c,44,-89,35.21021031850891,32.10517469608602,704.0837736321993,
Ariel_University,1c:b9:c4:15:44:88,6,-91,35.211428450375955,32.104710000393844,694.0718563019484,
Ariel_University,1c:b9:c4:15:44:8c,36,-92,
Ariel_University,1c:b9:c4:15:ec:38,6,-90,
Ariel_University,1c:b9:c4:15:ec:3c,36,-89,
Ariel_University,1c:b9:c4:15:ed:38,6,-89,
Ariel_University,1c:b9:c4:15:ed:3c,36,-89,
Ariel_University,1c:b9:c4:15:ed:48,1,-89,
Ariel_University,1c:b9:c4:15:ed:4c,44,-88,
Ariel_University,1c:b9:c4:15:ed:78,6,-86,35.20938114904518,32.10221595395964,699.9143392612576,
Ariel_University,1c:b9:c4:15:ed:7c,60,-83,
IT-MNG,1c:b9:c4:15:ed:b8,1,-89,
IT-MNG,1c:b9:c4:15:ed:bc,48,-91,
Ariel_University,1c:b9:c4:15:fd:48,1,-90,35.20956295234651,32.10377761861601,701.0000131245716,
Ariel_University,1c:b9:c4:15:fd:4c,36,-88,35.20942211675255,32.10408117845521,702.7242429946087,
IT-MNG,1c:b9:c4:15:fd:e8,11,-88,
Ariel_University,1c:b9:c4:15:fd:ec,40,-83,
Ariel_University,1c:b9:c4:16:04:78,11,-86,
Ariel_University,1c:b9:c4:16:04:7c,60,-87,
Ariel_University,1c:b9:c4:16:05:38,11,-91,35.210031352529725,32.10506773610506,703.0660679980301,
Ariel_University,1c:b9:c4:16:05:3c,36,-88,35.20976425687229,32.10526131955995,690.2221246729399,
Ariel_University,1c:b9:c4:16:05:78,6,-92,35.210207290862826,32.104856497694435,703.0729716105949,
Ariel_University,1c:b9:c4:16:05:7c,36,-91,35.21027785120571,32.10476323539102,703.4865489905503,
Ariel_University,1c:b9:c4:16:06:b8,11,-92,35.20991736328616,32.10366286164702,707.5016632479088,
Ariel_University,1c:b9:c4:16:06:bc,48,-89,35.210041385806974,32.10373617795679,702.586374795382,
Ariel_University,1c:b9:c4:16:06:e8,11,-89,35.21021078186345,32.10584273376777,688.5965322405589,
Ariel_University,1c:b9:c4:16:06:ec,44,-89,
Ariel_University,1c:b9:c4:16:11:a8,1,-76,35.20923275063502,32.10235455044454,698.943795503712,
Ariel_University,1c:b9:c4:16:11:ac,44,-83,
Ariel_University,1c:b9:c4:16:12:68,11,-93,
Ariel_University,1c:b9:c4:16:12:e8,1,-90,
Ariel_University,1c:b9:c4:16:13:08,11,-89,
Ariel_University,1c:b9:c4:16:13:0c,44,-89,
Ariel_University,1c:b9:c4:16:1d:78,1,-85,
Ariel_University,1c:b9:c4:16:1d:7c,44,-82,
Ariel_University,1c:b9:c4:16:28:e8,1,-83,35.20886589207229,32.10379563838526,707.7810626310591,
Ariel_University,1c:b9:c4:16:28:ec,36,-91,35.20888105246867,32.103801781822426,707.0765605275067,
Ariel_University,1c:b9:c4:16:28:f8,6,-91,35.20901513466735,32.1026055510261,698.7390123595312,
Ariel_University,1c:b9:c4:16:28:fc,36,-90,35.20862644438741,32.10237803107549,701.0638554463783,
Ariel_University,1c:b9:c4:16:2b:e8,6,-92,
Ariel_University,1c:b9:c4:16:2b:ec,36,-91,
Ariel_University,1c:b9:c4:16:2d:e8,11,-90,35.21025730849364,32.104884327994455,711.2213863770222,
Ariel_University,1c:b9:c4:16:2d:ec,36,-85,
Ariel_University,1c:b9:c4:16:cc:d8,1,-83,
Ariel_University,1c:b9:c4:16:cc:dc,36,-90,
IT-MNG,1c:b9:c4:16:cd:18,1,-88,
Ariel_University,1c:b9:c4:16:cd:1c,36,-88,
Ariel_University,1c:b9:c4:16:cd:68,11,-86,
Ariel_University,1c:b9:c4:16:d2:88,11,-92,35.20880718223484,32.10321068004281,706.4632837841655,
Ariel_University,1c:b9:c4:16:d2:8c,44,-88,35.208386286399886,32.103151454909906,700.0872535183806,
Ariel_University,1c:b9:c4:16:e5:a8,6,-87,
Ariel_University,1c:b9:c4:16:e5:ac,36,-88,
Ariel_University,1c:b9:c4:16:e8:f8,11,-92,35.21106259634609,32.10419845063281,702.1453797747553,
Ariel_University,1c:b9:c4:16:e8:fc,36,-89,
Ariel_University,1c:b9:c4:16:ed:38,6,-88,35.20946966330407,32.10270685998251,693.5885182724429,
Ariel_University,1c:b9:c4:16:ed:3c,44,-87,
Ariel_University,1c:b9:c4:16:ed:48,6,-89,
Ariel_University,1c:b9:c4:16:ed:4c,36,-91,
Ariel_University,1c:b9:c4:16:ee:98,6,-91,
Ariel_University,1c:b9:c4:16:ee:9c,36,-85,
Ariel_University,1c:b9:c4:16:f1:48,1,-79,
Ariel_University,1c:b9:c4:16:f1:4c,36,-85,
Ariel_University,1c:b9:c4:16:f1:58,6,-87,35.20939557295307,32.10320371412653,701.0864513387535,
Ariel_University,1c:b9:c4:16:f1:98,11,-90,35.20924851942584,32.10229957569063,697.4119569078741,
Ariel_University,1c:b9:c4:16:f4:28,11,-86,
Ariel_University,1c:b9:c4:16:f4:2c,44,-88,35.2090161363713,32.102709326677584,699.4240603002271,
Ariel_University,1c:b9:c4:16:f4:78,1,-78,35.20840516546775,32.10283241378151,698.9417921474251,
Ariel_University,1c:b9:c4:16:f4:7c,36,-87,35.20758414681559,32.10291494134746,694.5680953541696,
Ariel_University,1c:b9:c4:55:fd:e8,11,-88,
Ariel_University,1c:b9:c4:56:cd:18,1,-90,
,1c:b9:c4:92:7c:c7,36,-82,
,1c:b9:c4:92:90:b7,40,-89,
,1c:b9:c4:92:af:77,40,-86,
,1c:b9:c4:94:2b:c7,36,-90,
,1c:b9:c4:94:2b:d7,36,-88,
,1c:b9:c4:94:30:07,36,-84,
,1c:b9:c4:94:30:37,44,-91,
,1c:b9:c4:94:33:c7,48,-89,
,1c:b9:c4:94:36:f7,36,-89,
,1c:b9:c4:94:62:47,36,-79,
,1c:b9:c4:95:1b:87,58,-89,
,1c:b9:c4:95:1e:67,36,-89,
,1c:b9:c4:95:23:57,36,-92,
,1c:b9:c4:95:3a:37,44,-87,
,1c:b9:c4:95:3d:67,44,-88,
,1c:b9:c4:95:41:77,44,-84,
,1c:b9:c4:95:42:67,48,-90,
,1c:b9:c4:95:43:e7,36,-89,
,1c:b9:c4:95:44:57,44,-89,35.210177726295605,32.10484916447365,705.6747486295545,
,1c:b9:c4:95:44:87,36,-91,
,1c:b9:c4:95:ec:37,36,-90,
,1c:b9:c4:95:ed:37,36,-85,
,1c:b9:c4:95:ed:47,44,-87,
,1c:b9:c4:95:fd:47,36,-90,
,1c:b9:c4:96:04:77,60,-89,
,1c:b9:c4:96:05:37,36,-85,
,1c:b9:c4:96:05:77,36,-90,
,1c:b9:c4:96:06:b7,48,-83,
,1c:b9:c4:96:06:e7,44,-89,
,1c:b9:c4:96:11:a7,44,-85,
,1c:b9:c4:96:13:07,44,-91,
,1c:b9:c4:96:28:e7,36,-90,
,1c:b9:c4:96:28:f7,36,-91,35.2085362977472,32.10252593715707,708.7914759195306,
,1c:b9:c4:96:2d:e7,36,-89,
,1c:b9:c4:96:cc:d7,36,-89,
,1c:b9:c4:96:cd:17,36,-89,
,1c:b9:c4:96:d2:87,44,-89,
,1c:b9:c4:96:e8:f7,36,-89,
,1c:b9:c4:96:ed:37,44,-87,
,1c:b9:c4:96:ee:97,36,-91,
,1c:b9:c4:96:f1:47,36,-83,
,1c:b9:c4:96:f1:97,60,-88,35.208422066495274,32.102505004672096,702.0153987107014,
,1c:b9:c4:96:f4:27,44,-88,
,1c:b9:c4:96:f4:77,36,-85,35.20819917827672,32.102821209609324,693.7210746575796,
Ariel_University,24:79:2a:2b:07:b8,11,-85,
Ariel_University,24:79:2a:2b:07:bc,36,-90,
Ariel_University,24:79:2a:2b:24:98,1,-87,
Ariel_University,24:79:2a:2b:24:9c,36,-87,
Ariel_University,24:79:2a:2b:34:a8,11,-92,
Ariel_University,24:79:2a:2b:34:e8,1,-91,
Ariel_University,24:79:2a:2b:bd:88,11,-83,
Ariel_University,24:79:2a:2b:bd:8c,44,-88,
Ariel_University,24:79:2a:2c:3d:68,6,-89,
Ariel_University,24:79:2a:2c:5b:d8,1,-80,35.20972653955226,32.104286493744524,707.296537858802,
Ariel_University,24:79:2a:2c:5b:dc,36,-78,
Ariel_University,24:79:2a:2c:5c:18,11,-84,
Ariel_University,24:79:2a:2c:61:68,6,-86,
,24:79:2a:ab:bd:87,44,-89,
,24:79:2a:ac:5b:d7,36,-92,
DIRECT-61-HP DeskJet 3630 series,30:e1:71:0d:e0:63,6,-91,
DIRECT-64-HP DeskJet 3630 series,30:e1:71:0d:e0:65,6,-89,
DIRECT-47-HP DeskJet 3630 series,30:e1:71:0f:a2:49,6,-88,
DIRECT-71-HP DeskJet 3630 series,30:e1:71:0f:a2:72,6,-86,
afikim-wifi,34:0b:01:19:21:42,7,-91,
Ariel_University,34:8f:27:20:89:b8,6,-84,
Ariel_University,34:8f:27:20:89:bc,44,-87,
Ariel_University,34:8f:27:20:8c:18,6,-86,
,34:8f:27:a0:89:b7,44,-89,
SAMSONIX ML_003,38:a2:8c:02:e7:6e,6,-91,
DIRECT-8A-HP DeskJet 3630 series,3c:52:82:ef:a4:8b,6,-89,
DIRECT-3B-HP DeskJet 3630 series,3c:52:82:ef:c4:3c,6,-82,
DIRECT-51-HP DeskJet 3630 series,3c:52:82:ef:d4:52,6,-88,
DIRECT-55-HP DeskJet 3630 series,3c:52:82:ef:d4:56,6,-79,
2.4V1,40:a5:ef:7a:17:f2,1,-86,35.20908154713487,32.10319952697116,706.7918204302588,
tachlit3,48:ee:0c:3e:86:dd,7,-89,
YICarCam_00d0f1,58:70:c6:00:d0:f1,6,-89,
YICarCam_fb687a,58:70:c6:fb:68:7a,5,-88,
HelpDesk,60:e3:27:7b:e0:98,4,-89,
Bezeq Free,62:ab:1b:60:b4:cb,8,-85,
DIRECT-B1-HP DeskJet 3830 series,70:5a:0f:57:04:17,11,-85,
DIRECT-42-HP DeskJet 3830 series,70:5a:0f:57:42:43,11,-89,
TP-LINK_ADD150,74:ea:3a:ad:d1:50,4,-71,
Hoom_2.4,80:37:73:d7:ab:3a,1,-88,
dlink,84:c9:b2:4a:e7:87,2,-86,
Ariel_University,8c:0c:90:2d:34:38,11,-90,
Ariel_University,8c:0c:90:2d:75:e8,1,-84,
Ariel_University,8c:0c:90:2e:16:88,11,-86,35.209572836367556,32.103762999166854,708.6669419311147,
Ariel_University,8c:0c:90:2e:e8:18,6,-81,35.21068645778577,32.104107001534764,702.383988101508,
Ariel_University,8c:0c:90:2f:36:58,1,-89,35.209932397708414,32.104759282187565,704.2080899686227,
Ariel_University,8c:0c:90:2f:ca:18,1,-87,
Ariel_University,8c:0c:90:2f:d3:d8,11,-90,35.210914579741974,32.10462321534033,694.258355761006,
,8c:0c:90:6e:16:88,11,-86,35.20915477802876,32.103755286787575,703.2761972286988,
,8c:0c:90:6f:36:58,1,-80,
,8c:0c:90:ad:75:e3,1,-79,
,8c:0c:90:ae:16:83,11,-85,
,8c:0c:90:af:76:53,6,-90,
CliClap,90:6c:ac:9f:f1:c5,2,-86,
Guest,90:6c:ac:9f:fb:1f,1,-89,35.20969250184551,32.10524227633733,690.1365807323441,
Guest,90:6c:ac:9f:fb:27,36,-92,
Guest,90:6c:ac:a0:18:29,6,-91,35.20948830756173,32.104465002765224,702.7702357731997,
Guest,90:6c:ac:a0:3d:eb,3,-89,35.209217840817644,32.10423265095826,693.0421243322055,
Guest,90:6c:ac:a0:60:4d,1,-90,35.20979687440573,32.104683587916654,692.8302422970665,
Guest,90:6c:ac:a0:60:55,36,-88,
EVE,90:6c:ac:a0:7b:4d,11,-88,35.209787246462035,32.10467356037757,702.4322623753599,
EVE,90:6c:ac:a0:7b:55,52,-80,
HP-Print-2c-LaserJet 400 color,9c:d2:1e:04:e6:2c,6,-91,
Cellcom-WiFi_0123,a0:4f:d4:3a:a0:e1,11,-89,
Lidor a,a0:4f:d4:3b:e9:01,6,-84,
richman,a0:4f:d4:46:a9:e1,11,-92,
DIRECT-13-HP DeskJet 3630 series,a0:8c:fd:0a:24:56,6,-86,
DIRECT-F4-HP DeskJet 3630 series,a0:8c:fd:0a:d5:f5,6,-91,35.20930220999322,32.10222906769309,697.5737572489079,
DIRECT-6E-HP DeskJet 3630 series,a0:8c:fd:8c:79:6f,6,-87,
ear,a0:ab:1b:59:55:54,1,-85,
036518749,a0:ab:1b:60:b4:ca,8,-86,35.209093092965524,32.10231994184322,691.5056808821232,
Guest,a2:6c:ac:9f:f1:c5,2,-91,
Neuropplied,a2:6c:ac:9f:fb:1f,1,-89,35.20981878033968,32.10469728496571,703.1700961106724,
Neuropplied,a2:6c:ac:9f:fb:27,36,-91,
artsim,a2:6c:ac:a0:18:29,6,-87,
giftwizard,a2:6c:ac:a0:3d:eb,3,-87,35.20925944812644,32.10423146230803,709.9360240740345,
incentive2,a2:6c:ac:a0:60:4d,1,-80,
incentive2,a2:6c:ac:a0:60:55,36,-87,
Guest,a2:6c:ac:a0:7b:4d,11,-92,
Guest,a2:6c:ac:a0:7b:55,52,-80,
HOTFiber-3C40,a4:08:f5:20:72:6a,1,-87,
SAMSONIX R500-e-09,ac:83:f3:b2:00:e9,1,-84,
Knoch,b0:48:7a:a1:80:8c,4,-86,
paysday,b2:6c:ac:9f:f1:c5,2,-88,
iagree,b2:6c:ac:9f:fb:1f,1,-88,35.20972110211927,32.104953292400566,691.5820057804001,
iagree,b2:6c:ac:9f:fb:27,36,-92,
restore,b2:6c:ac:a0:18:29,6,-82,
sinusafe,b2:6c:ac:a0:3d:eb,3,-85,35.209371916624434,32.10435716294551,701.4090370635083,
magneto,b2:6c:ac:a0:7b:4d,11,-90,35.20992967482158,32.1050048928171,703.3997654112634,
magneto,b2:6c:ac:a0:7b:55,52,-79,
Onicom,c0:4a:00:71:ee:ee,9,-91,
shapedo,c2:6c:ac:9f:fb:1f,1,-91,
shapedo,c2:6c:ac:9f:fb:27,36,-92,
outsense,c2:6c:ac:a0:7b:4d,11,-85,35.209951053186685,32.104765645201624,711.537012416026,
outsense,c2:6c:ac:a0:7b:55,52,-79,
lab_6.1.3,c4:12:f5:f6:a0:18,3,-84,
mati-sh1,c4:12:f5:fd:6a:74,9,-85,
Bezeq-NGN_E77EB9,cc:b2:55:e7:7e:ba,6,-87,
bezek freeee,cc:fa:00:ae:93:46,6,-86,
Sveta,d0:0f:6d:f1:35:2f,4,-85,
HP-Print-30-Officejet 7610,d0:bf:9c:db:31:30,6,-91,35.20980326763094,32.10468540893215,703.7502391164942,
AUC_4_2_24,d8:5d:4c:9e:69:22,1,-83,
Moria,d8:fe:e3:03:5a:31,6,-83,
Aviramf phone,e6:46:da:e4:84:c0,6,-87,
Ariel_University,ec:8c:a2:08:77:48,6,-88,
Ariel_University,ec:8c:a2:08:78:38,1,-81,
Ariel_University,ec:8c:a2:08:78:3c,40,-89,
Ariel_University,ec:8c:a2:08:78:c8,6,-89,35.20882337971797,32.10341736828661,708.0228865995243,
Ariel_University,ec:8c:a2:08:78:cc,48,-89,35.20883139244923,32.10376961261984,708.1559186778529,
Ariel_University,ec:8c:a2:08:79:88,1,-88,
Ariel_University,ec:8c:a2:08:79:a8,6,-82,
Ariel_University,ec:8c:a2:08:79:ac,36,-89,
Ariel_University,ec:8c:a2:08:7a:18,1,-71,
Ariel_University,ec:8c:a2:08:7a:1c,44,-89,35.20780581005687,32.103599683823795,690.5596425977142,
Ariel_University,ec:8c:a2:08:7b:88,1,-77,
Ariel_University,ec:8c:a2:08:7b:8c,40,-91,35.2078374162539,32.10375765913946,690.445762142377,
Ariel_University,ec:8c:a2:08:90:c8,11,-89,
Ariel_University,ec:8c:a2:08:90:cc,36,-87,
Ariel_University,ec:8c:a2:08:92:48,6,-85,
Ariel_University,ec:8c:a2:08:92:4c,36,-88,
Ariel_University,ec:8c:a2:08:94:18,1,-76,35.20827384107557,32.10300435490403,694.2449598527274,
Ariel_University,ec:8c:a2:08:94:1c,44,-89,35.20877787952694,32.10350434598707,706.9538477291178,
Ariel_University,ec:8c:a2:08:99:68,11,-89,
Ariel_University,ec:8c:a2:08:a9:28,11,-87,35.20778829895446,32.10336860572801,690.7184156662418,
Ariel_University,ec:8c:a2:08:a9:2c,44,-91,35.20783180358039,32.103766485175285,690.3776746163047,
Ariel_University,ec:8c:a2:08:a9:38,6,-88,
Ariel_University,ec:8c:a2:08:a9:3c,36,-90,
Ariel_University,ec:8c:a2:09:03:38,1,-85,35.20758104767403,32.10281447386213,693.2074095942437,
Ariel_University,ec:8c:a2:09:03:3c,44,-77,
Ariel_University,ec:8c:a2:09:0c:c8,1,-86,
Ariel_University,ec:8c:a2:09:0c:cc,44,-88,
Ariel_University,ec:8c:a2:09:86:d8,6,-92,
Ariel_University,ec:8c:a2:09:8c:38,1,-80,
Ariel_University,ec:8c:a2:09:8c:3c,44,-88,
Ariel_University,ec:8c:a2:09:93:b8,11,-90,
Ariel_University,ec:8c:a2:0a:08:b8,6,-89,
Ariel_University,ec:8c:a2:26:ae:28,11,-88,
Ariel_University,ec:8c:a2:26:b0:58,6,-84,
Ariel_University,ec:8c:a2:26:b0:e8,6,-89,
Ariel_University,ec:8c:a2:26:b1:78,1,-82,35.20882271848823,32.10254637461944,700.304824285496,
Ariel_University,ec:8c:a2:26:d2:c8,11,-93,35.20877124995658,32.1047730316779,690.422304635786,
Ariel_University,ec:8c:a2:26:d3:68,11,-84,35.20918955575495,32.104286214222796,702.7538285725179,
,ec:8c:a2:88:78:37,40,-90,
,ec:8c:a2:88:78:c7,48,-90,
,ec:8c:a2:88:79:a7,36,-83,
,ec:8c:a2:88:7a:17,44,-71,
,ec:8c:a2:88:7b:87,40,-87,35.207895366225024,32.10392178055328,690.2937519226789,
,ec:8c:a2:88:90:c7,36,-89,
,ec:8c:a2:88:94:17,44,-86,35.20802589688003,32.10314662522284,693.2160757082067,
,ec:8c:a2:88:a9:27,44,-81,
,ec:8c:a2:88:a9:37,36,-81,
,ec:8c:a2:89:03:37,44,-77,
,ec:8c:a2:89:0c:c7,44,-86,
,ec:8c:a2:89:8c:37,44,-86,
SGH-I337M,ec:9b:f3:26:ab:3a,6,-92,35.207977550835636,32.10276413583125,699.2899251797447,
Ariel_University,f0:b0:52:3e:d6:f8,11,-86,
Orange G2_4113,f8:a9:d0:66:06:4d,6,-81,
HelpDesk,f8:d1:11:77:77:c6,4,-81,
Police_Shomron ,f8:e7:1e:33:87:38,1,-86,
Police_Shomron ,f8:e7:1e:33:87:3c,36,-86,
ShapeDo,f8:e9:03:12:ef:3b,6,-90,35.20959247240545,32.10485067761131,691.6522050545125,
ShapeDo-5GHz,f8:e9:03:12:ef:3c,60,-85,
DIRECT-5C-HP DeskJet 3630 series,fc:3f:db:9c:36:3d,6,-89,

